Id|First Name|Last Name|Email|Gender|Country|City|Phone|Price|Birthday
1|Wynny|Hallock|whallock0@printfriendly.com|Female|France|Montpellier|350-992-4956|$5.56|19.02.2015
2|Fredia|Streets|fstreets1@ovh.net|Female|Indonesia|Malunda|859-386-8000|$0.78|03.01.2007
3|Berkeley|Sutcliffe|bsutcliffe2@odnoklassniki.ru|Male|Russia|Stavropol’|572-147-4945|$2.29|18.06.1995
4|Romy|Rivett|rrivett3@dot.gov|Female|Ukraine|Lysychovo|150-274-6079|$2.66|30.10.2011
5|Orella|Elflain|oelflain4@gmpg.org|Female|Greece|Ágios Vasíleios|513-659-2213|$9.42|16.11.2009
6|Torrin|Simounet|tsimounet5@ca.gov|Male|Indonesia|Manding|825-990-2564|$8.07|04.03.1978
7|Ruth|Danelutti|rdanelutti6@oakley.com|Female|Russia|Shali|671-435-8404|$0.74|25.04.1991
8|Sheffy|Greenless|sgreenless7@sina.com.cn|Male|Iran|Shāhīn Shahr|965-638-2980|$9.91|09.09.1988
9|Hally|Kelshaw|hkelshaw8@usnews.com|Female|Mexico|Hidalgo|256-569-0148|$1.15|02.08.1987
10|Sergeant|Ellice|sellice9@networkadvertising.org|Male|Peru|La Coipa|160-468-9546|$7.49|11.06.1979
11|Miltie|Harwood|mharwooda@i2i.jp|Male|United States|Dayton|937-822-9535|$9.64|03.05.2007
12|Richart|Dunlea|rdunleab@imdb.com|Male|United Kingdom|Milton|629-104-9781|$3.16|27.03.2016
13|Georgianna|Clemmens|gclemmensc@gmpg.org|Female|Argentina|General José de San Martín|969-371-6188|$2.34|16.09.2008
14|Kiri|Morales|kmoralesd@is.gd|Female|Mexico|Emiliano Zapata|430-694-1762|$6.21|22.07.1999
15|Vassili|Duxbarry|vduxbarrye@globo.com|Male|Poland|Prusice|936-389-5309|$1.59|22.10.1989
16|Vail|Lefeaver|vlefeaverf@prlog.org|Male|Nepal|Hitura|529-771-5255|$8.40|09.08.2004
17|Orren|Grote|ogroteg@msn.com|Male|Bosnia and Herzegovina|Gračanica|102-979-0326|$9.20|02.06.2003
18|Willette|D'Angeli|wdangelih@paypal.com|Female|China|Mutang|514-433-4382|$3.52|13.08.2017
19|Belinda|Ducarne|bducarnei@360.cn|Female|Peru|Accha|725-207-7658|$1.11|01.06.1994
20|Kingsley|Leere|kleerej@godaddy.com|Male|Sweden|Enskededalen|523-782-3812|$4.32|22.04.1983
21|Bettine|Rogger|broggerk@uol.com.br|Female|Greece|Archángelos|559-308-3836|$2.51|13.08.2016
22|Stephie|Utting|suttingl@ox.ac.uk|Female|Botswana|Serowe|355-551-9529|$3.09|13.09.1983
23|Sande|Twycross|stwycrossm@ox.ac.uk|Female|China|Yuncheng|575-402-9053|$2.83|18.04.1985
24|Leena|Atmore|latmoren@woothemes.com|Female|Thailand|Mae Chan|193-608-8838|$9.61|30.01.2011
25|Marlane|Godwin|mgodwino@addtoany.com|Female|China|Banqiao|533-344-9820|$3.79|25.10.2001
26|Roldan|Brood|rbroodp@unblog.fr|Male|France|Reims|587-145-4362|$8.32|04.04.2018
27|Gerti|Kitman|gkitmanq@biblegateway.com|Female|China|Pengfang|595-516-3625|$6.67|06.10.2014
28|Wilow|Sante|wsanter@howstuffworks.com|Female|Greece|Lagkadás|926-297-6009|$6.08|13.05.1977
29|Paule|McCrea|pmccreas@naver.com|Female|China|Meilin|446-790-5338|$0.46|13.09.2005
30|Andree|Curley|acurleyt@admin.ch|Female|Indonesia|Panggungwinong|683-738-3347|$4.73|17.11.1979
31|Hartley|McCreary|hmccrearyu@unc.edu|Male|Greece|Aráchova|117-195-2428|$7.98|23.07.2015
32|Gonzalo|Ruthen|gruthenv@ocn.ne.jp|Male|Croatia|Bakar|582-602-8996|$4.16|03.12.2002
33|Dallas|Rubinsohn|drubinsohnw@jimdo.com|Male|China|Guyang|849-951-4827|$3.01|29.12.1992
34|Faunie|Fieldsend|ffieldsendx@bizjournals.com|Female|United States|Austin|512-896-4223|$5.03|30.08.2000
35|Elvera|Beak|ebeaky@lycos.com|Female|Malaysia|Kota Bharu|511-550-7385|$1.46|31.08.2017
36|Quintana|Heads|qheadsz@meetup.com|Female|Turkmenistan|Tagta|414-584-5862|$2.23|19.09.2018
37|Jeremie|Philipeaux|jphilipeaux10@nhs.uk|Male|Brazil|Pinheiros|566-134-8531|$8.54|31.01.1999
38|Anatola|Spohrmann|aspohrmann11@typepad.com|Female|Dominican Republic|Cristóbal|134-653-3336|$2.93|29.07.2000
39|Noby|Rivel|nrivel12@weebly.com|Male|Sweden|Burträsk|297-138-6774|$0.43|09.04.1995
40|Gisella|Leathers|gleathers13@google.fr|Female|Philippines|Balayang|498-627-3597|$8.78|24.08.2008
41|Catarina|Foyston|cfoyston14@eepurl.com|Female|Indonesia|Bandung|127-408-3969|$2.49|19.04.1992
42|Frank|Mainston|fmainston15@ning.com|Female|Japan|Fukuyama|457-328-8962|$2.50|10.01.2019
43|Fran|Boston|fboston16@usda.gov|Male|China|Jiujie|181-614-0109|$1.10|28.05.2000
44|Roxanna|Fliege|rfliege17@vk.com|Female|Germany|Halle|262-971-5944|$5.37|18.05.2002
45|Garik|Awcock|gawcock18@slate.com|Male|South Africa|Bhisho|727-944-5053|$3.53|20.01.1995
46|Cammy|O'Sullivan|cosullivan19@ocn.ne.jp|Female|Russia|Nikol’sk|743-582-0201|$0.62|04.02.2006
47|Marten|Shearn|mshearn1a@sbwire.com|Male|Indonesia|Karangsumber|792-174-7999|$6.02|20.12.2001
48|Rainer|Hutley|rhutley1b@tripod.com|Male|China|Tianmen|886-138-6812|$7.47|24.04.1978
49|Wernher|Tappor|wtappor1c@nydailynews.com|Male|Chad|Massaguet|972-525-0393|$5.16|01.02.2013
50|Gae|MacIlriach|gmacilriach1d@gizmodo.com|Female|Indonesia|Bojonggenteng|835-436-4917|$3.23|25.02.2012
51|Philippa|Killingbeck|pkillingbeck1e@elpais.com|Female|Portugal|Fontinha|668-735-9058|$7.08|31.12.1985
52|Kerr|Hartin|khartin1f@themeforest.net|Male|Myanmar|Kyaiklat|602-771-1588|$2.28|26.09.2018
53|Dennie|Wreford|dwreford1g@domainmarket.com|Female|Bosnia and Herzegovina|Pjanići|117-123-2970|$0.35|25.11.1978
54|Rois|Zaczek|rzaczek1h@nba.com|Female|Cameroon|Bangangté|417-118-6285|$1.94|08.03.2012
55|Nestor|Pennetta|npennetta1i@tinypic.com|Male|Philippines|Alegria|211-750-1657|$1.23|02.10.2004
56|Ardyth|Harland|aharland1j@boston.com|Female|France|Paris 07|828-694-1037|$5.37|06.11.1975
57|Olympie|Housley|ohousley1k@photobucket.com|Female|Ecuador|Boca Suno|694-739-2515|$1.54|08.12.1989
58|Elysia|Gullberg|egullberg1l@adobe.com|Female|Poland|Krzęcin|748-703-3952|$0.76|01.11.1979
59|Tamarra|Felkin|tfelkin1m@newsvine.com|Female|Greece|Triánta|569-662-1566|$3.35|20.04.2017
60|Mandel|Leaman|mleaman1n@fastcompany.com|Male|Czech Republic|Kaznějov|301-414-5366|$1.92|07.10.2007
61|Kat|Watmough|kwatmough1o@narod.ru|Female|China|Dengmingsi|983-393-9672|$8.80|13.09.1980
62|Dredi|Idill|didill1p@meetup.com|Female|Indonesia|Tenggina Daya|794-589-4038|$9.66|07.04.2007
63|Bianka|Chapple|bchapple1q@google.nl|Female|Palestinian Territory|Al ‘Ayzarīyah|771-402-3404|$3.30|22.07.1981
64|Ogdon|Paish|opaish1r@imgur.com|Male|Guatemala|San Marcos|342-314-8468|$0.25|22.07.1997
65|Nissie|Maddy|nmaddy1s@narod.ru|Female|Nigeria|Gwadabawa|317-530-9079|$0.28|04.10.2012
66|Clyde|Bevir|cbevir1t@uiuc.edu|Male|Spain|Pontevedra|525-645-2644|$0.41|30.05.2007
67|Hugh|Jopke|hjopke1u@indiegogo.com|Male|Sweden|Norberg|855-306-0225|$9.53|14.08.2007
68|Rab|Satchel|rsatchel1v@histats.com|Male|Indonesia|Dayeuhluhur|268-628-5778|$5.38|06.02.2005
69|Esteban|Kelling|ekelling1w@ow.ly|Male|Poland|Siekierczyn|201-867-1750|$0.44|01.12.1994
70|Cly|Peealess|cpeealess1x@histats.com|Male|Croatia|Gorjani|182-673-8841|$0.21|10.07.1998
71|Garret|Beven|gbeven1y@jigsy.com|Male|France|Toul|726-125-5691|$9.53|23.10.1990
72|Shepperd|Farryan|sfarryan1z@wiley.com|Male|Argentina|Alto Río Senguer|564-702-1914|$8.89|17.09.1976
73|Kirstin|Barsby|kbarsby20@google.com.au|Female|Iran|Dārāb|833-166-9695|$2.26|19.08.1980
74|Rochella|Edmans|redmans21@facebook.com|Female|China|Rongdoi|437-961-9534|$9.55|13.04.1999
75|Kean|Cornil|kcornil22@newyorker.com|Male|North Korea|Hyesan-dong|539-887-3715|$8.71|11.07.2012
76|Rufe|Aishford|raishford23@omniture.com|Male|Armenia|Sovetakan|887-661-1520|$8.89|09.07.2013
77|Creigh|Verity|cverity24@foxnews.com|Male|Portugal|Cabra Figa|750-981-1306|$8.65|01.10.2012
78|Gwenette|Glison|gglison25@kickstarter.com|Female|Sweden|Sölvesborg|127-561-5467|$2.46|29.06.1990
79|Silvan|Schrinel|sschrinel26@about.me|Male|China|Beiyang|245-805-1184|$1.99|23.04.1982
80|Gunilla|Burns|gburns27@deliciousdays.com|Female|Finland|Turenki|253-666-2685|$1.68|23.11.1995
81|Colin|Mahaddie|cmahaddie28@marketwatch.com|Male|Indonesia|Jalupang Dua|722-869-8644|$4.11|30.11.2005
82|Arluene|Burnsell|aburnsell29@google.co.uk|Female|Russia|Yermish’|429-490-1559|$8.46|09.08.1997
83|Leshia|Skene|lskene2a@vimeo.com|Female|China|Huaminglou|976-741-9071|$1.71|03.06.1989
84|Jinny|Jane|jjane2b@dailymail.co.uk|Female|Sweden|Hisings Kärra|680-442-0061|$4.76|11.09.2013
85|Mabel|Helsdon|mhelsdon2c@hubpages.com|Female|Russia|Tonkino|408-546-7314|$9.85|15.03.2011
86|Cirstoforo|Esh|cesh2d@wikia.com|Male|France|Poitiers|952-581-7996|$6.54|21.09.2009
87|Brennan|Thomazet|bthomazet2e@miitbeian.gov.cn|Male|Mongolia|Oygon|645-189-7423|$9.92|07.05.1976
88|Duffy|Sapwell|dsapwell2f@ning.com|Male|China|Najiaying|684-869-9056|$8.88|17.10.1999
89|Shell|Forestall|sforestall2g@dailymail.co.uk|Male|Indonesia|Pakapasan Ilir|888-616-3795|$1.29|29.03.2005
90|Alfons|Peoples|apeoples2h@dion.ne.jp|Male|Uzbekistan|Kosonsoy|820-426-3697|$0.01|06.02.1992
91|Jordanna|Ionn|jionn2i@php.net|Female|France|Juvisy-sur-Orge|772-611-5874|$4.44|29.04.1984
92|Jaquith|Tellwright|jtellwright2j@blogtalkradio.com|Female|Venezuela|Caraballeda|803-361-4505|$4.66|01.11.1991
93|Flo|Spittall|fspittall2k@ezinearticles.com|Female|Kenya|Chepareria|239-748-2343|$9.78|16.02.1992
94|Rutledge|Heynen|rheynen2l@blog.com|Male|Pakistan|Khadan Khāk|928-748-6673|$1.76|08.12.1983
95|Alasdair|Digman|adigman2m@tamu.edu|Male|Brazil|Espera Feliz|346-745-2578|$9.20|08.05.1982
96|Gareth|Shevelin|gshevelin2n@bizjournals.com|Male|Israel|‘Arad|367-992-3971|$3.96|18.04.1989
97|Udall|Goodswen|ugoodswen2o@clickbank.net|Male|Malaysia|Kuantan|656-610-2212|$9.39|19.04.2012
98|Base|Deevey|bdeevey2p@sun.com|Male|Peru|Macari|207-734-6795|$9.89|14.02.1984
99|Rand|Lias|rlias2q@bing.com|Male|Brazil|Massaranduba|621-435-2442|$3.55|21.01.2015
100|Regen|Kilbee|rkilbee2r@fc2.com|Male|Vietnam|Cần Giờ|916-452-8045|$4.37|15.09.2005
101|Quentin|Wrates|qwrates2s@thetimes.co.uk|Male|Russia|Berendeyevo|746-905-1894|$4.20|01.04.2011
102|Roxie|Elam|relam2t@princeton.edu|Female|France|Chaumont|982-633-8323|$6.87|25.03.1984
103|Danica|Skinley|dskinley2u@mlb.com|Female|Cameroon|Évodoula|515-716-5553|$4.05|05.03.1996
104|Emili|Meuse|emeuse2v@hubpages.com|Female|France|Évry|101-480-6506|$3.88|12.02.1985
105|Tobit|Seston|tseston2w@google.it|Male|China|Hekou|561-425-5428|$6.23|23.07.1976
106|Verge|Cale|vcale2x@sitemeter.com|Male|China|Hangbu|496-504-5952|$6.13|08.11.1983
107|Dall|Oakshott|doakshott2y@list-manage.com|Male|Honduras|Azacualpa|410-598-3318|$5.75|18.11.2015
108|Walden|Dewerson|wdewerson2z@imgur.com|Male|Aland Islands|Föglö|488-869-5302|$4.89|08.06.2006
109|Cedric|Frane|cfrane30@shop-pro.jp|Male|Philippines|Dalumangcob|476-849-2025|$3.13|04.06.1989
110|Carolina|Docket|cdocket31@exblog.jp|Female|Netherlands|Leeuwarden|914-635-5672|$7.12|18.06.2009
111|Kimberley|Artinstall|kartinstall32@wikia.com|Female|China|Dayanggezhuang|659-891-9819|$3.72|22.06.2012
112|Kean|Schlag|kschlag33@sitemeter.com|Male|China|Yuyue|510-487-1417|$0.45|04.12.1977
113|Halley|Kingsford|hkingsford34@wiley.com|Female|Sweden|Huddinge|280-536-7484|$3.72|12.01.1986
114|Anneliese|Pharoah|apharoah35@stanford.edu|Female|Indonesia|Watodei|791-396-7399|$7.28|21.03.1984
115|Carlin|Seefeldt|cseefeldt36@shinystat.com|Male|China|Yandang|199-373-2153|$3.87|12.08.1979
116|Melita|Fuge|mfuge37@amazonaws.com|Female|Brazil|Ibiá|597-914-8258|$7.05|23.07.1983
117|Ron|Witherbed|rwitherbed38@php.net|Male|France|Quimper|216-941-7547|$1.53|03.12.2013
118|Kristos|O'Flaherty|koflaherty39@creativecommons.org|Male|China|Guoyuan|573-323-1751|$3.86|06.04.2008
119|Fields|Suffe|fsuffe3a@wisc.edu|Male|Ivory Coast|Guiglo|995-542-7656|$3.87|21.06.2017
120|Clive|Conyers|cconyers3b@reverbnation.com|Male|Portugal|Cobre|102-163-1136|$8.20|27.12.2001
121|Alphard|Hollyer|ahollyer3c@twitpic.com|Male|Thailand|Non Sila|999-969-6682|$0.59|20.12.2002
122|Julianne|Littefair|jlittefair3d@patch.com|Female|China|Wangying|346-156-9862|$5.12|10.06.2009
123|Nerta|Corbould|ncorbould3e@xinhuanet.com|Female|Malta|Senglea|215-137-7019|$2.23|27.10.1980
124|Eustace|Shovell|eshovell3f@ucoz.ru|Male|Mongolia|Bilüü|390-855-5775|$2.37|15.05.1985
125|Kandace|Magovern|kmagovern3g@ustream.tv|Female|United States|San Francisco|415-318-1310|$5.75|27.12.1983
126|Onfre|Matschek|omatschek3h@mit.edu|Male|Indonesia|Waru Selatan|943-927-4250|$4.37|26.09.2012
127|Garrett|Pfeifer|gpfeifer3i@usda.gov|Male|Indonesia|Takari|899-832-1543|$5.62|08.07.2015
128|Royall|O'Malley|romalley3j@skyrock.com|Male|Indonesia|Kadaka|533-264-0811|$2.50|13.06.1978
129|Robers|Bougen|rbougen3k@123-reg.co.uk|Male|Brazil|Jarinu|316-632-3642|$0.05|13.12.2002
130|Kelsey|Scowen|kscowen3l@wikia.com|Male|China|Jiuzhai|177-608-3721|$6.19|07.04.1978
131|Felicdad|Chillistone|fchillistone3m@independent.co.uk|Female|Indonesia|Cicurug|844-910-9065|$1.20|24.06.2004
132|Ward|Purse|wpurse3n@bloglovin.com|Male|Spain|Madrid|727-551-4097|$1.50|02.12.1977
133|Obidiah|Guidera|oguidera3o@hatena.ne.jp|Male|Indonesia|Bolengpulau|955-343-8995|$2.12|20.05.1983
134|Consalve|Tanser|ctanser3p@meetup.com|Male|Brazil|Várzea Alegre|412-995-5569|$2.38|11.01.2008
135|Deanna|Franzotto|dfranzotto3q@dailymail.co.uk|Female|China|Huanggang|465-139-5951|$8.07|31.03.1981
136|Aurora|Beames|abeames3r@kickstarter.com|Female|Indonesia|Detik Satu|424-547-1378|$2.25|03.01.2019
137|Suzy|Sustins|ssustins3s@gov.uk|Female|Indonesia|Pajung|906-776-2472|$9.63|06.07.2017
138|Jasmin|Mellodey|jmellodey3t@tuttocitta.it|Female|Indonesia|Bengras|184-860-9320|$3.86|08.02.1983
139|Elston|Tourner|etourner3u@pen.io|Male|Armenia|Kasakh|183-523-7815|$6.04|01.05.1995
140|Konrad|Carmichael|kcarmichael3v@unc.edu|Male|China|Xiaoqi|118-444-6873|$2.20|24.01.1986
141|Cindee|Westman|cwestman3w@cnet.com|Female|Brazil|Santa Rita do Sapucaí|503-284-2831|$6.10|01.01.1991
142|Igor|Haynesford|ihaynesford3x@e-recht24.de|Male|Canada|Otterburn Park|936-653-1556|$7.83|11.07.2009
143|Ingmar|Maddrell|imaddrell3y@webmd.com|Male|Indonesia|Ngembel|325-641-0082|$6.21|16.06.1996
144|Kiley|Kemetz|kkemetz3z@discovery.com|Female|Kuwait|Al Aḩmadī|773-862-7652|$9.24|11.06.2017
145|Roley|Surpliss|rsurpliss40@skyrock.com|Male|United States|Merrifield|571-111-9037|$3.69|29.01.2018
146|Sammy|Immings|simmings41@msn.com|Male|China|Jinshanpu|564-439-2438|$6.02|13.01.2010
147|Oran|Cogswell|ocogswell42@google.pl|Male|Greece|Diavatós|832-498-9757|$6.70|27.04.1991
148|Orbadiah|Mc Carrick|omccarrick43@addthis.com|Male|Netherlands|Venlo|180-628-5974|$1.37|12.07.2000
149|Doris|Mayes|dmayes44@scientificamerican.com|Female|Mexico|El Porvenir|440-632-6297|$5.51|01.05.1976
150|Vern|Getsham|vgetsham45@sogou.com|Male|Peru|Urasqui|645-279-1920|$8.31|24.03.1980
151|Marion|Thaxter|mthaxter46@qq.com|Female|China|Shitang|778-400-7308|$6.00|07.05.2018
152|Morgen|Sherwill|msherwill47@usnews.com|Male|Indonesia|Sawangan|242-522-5985|$2.45|01.03.1979
153|Zola|Grice|zgrice48@com.com|Female|Greece|Vília|156-114-2415|$3.08|23.12.2017
154|Carmelina|Quibell|cquibell49@creativecommons.org|Female|France|Sens|520-609-3509|$9.90|22.05.1988
155|Massimo|Osmar|mosmar4a@bbc.co.uk|Male|Brazil|Cachoeiras de Macacu|904-631-9969|$8.00|12.09.1978
156|Hasty|Harby|hharby4b@pinterest.com|Male|Poland|Przytyk|932-971-9789|$5.57|09.09.2006
157|Mia|Laible|mlaible4c@addtoany.com|Female|Thailand|Khlong Hat|654-325-4989|$9.16|19.12.2013
158|Adolf|Vellacott|avellacott4d@exblog.jp|Male|Armenia|Arshaluys|353-506-3545|$1.40|02.12.1991
159|Olimpia|Collete|ocollete4e@aol.com|Female|Ireland|Bearna|139-538-7471|$7.83|11.10.2004
160|Verge|Keher|vkeher4f@php.net|Male|Albania|Luftinjë|927-469-6851|$7.63|20.09.2000
161|Peterus|Pantin|ppantin4g@google.ru|Male|South Africa|Cullinan|983-961-9991|$0.51|26.01.2016
162|Amery|Jachimczak|ajachimczak4h@gov.uk|Male|Portugal|Chãos|647-240-4980|$6.25|30.06.1987
163|Grove|Fautly|gfautly4i@i2i.jp|Male|South Africa|Orange Farm|368-147-0370|$7.55|27.04.1976
164|Aimee|de Clercq|adeclercq4j@abc.net.au|Female|Russia|Staritsa|552-758-8368|$7.43|12.09.1988
165|Nichol|Clerc|nclerc4k@cnbc.com|Female|Armenia|Arevshat|618-189-3265|$5.70|27.08.2003
166|Henka|Wisniowski|hwisniowski4l@theguardian.com|Female|France|Domont|849-261-9731|$9.58|05.04.2006
167|Helaina|Knuckles|hknuckles4m@blogtalkradio.com|Female|Brazil|Auriflama|795-619-0404|$6.24|06.06.2014
168|Martica|McIllrick|mmcillrick4n@cyberchimps.com|Female|China|Yongledian|989-364-8908|$3.99|09.09.1993
169|Marget|Manus|mmanus4o@comsenz.com|Female|Ukraine|Toshkivka|540-456-2636|$6.52|05.10.2017
170|Alleyn|Ferrarello|aferrarello4p@mit.edu|Male|France|Montpellier|756-305-5846|$1.25|07.05.2007
171|Zora|Poulton|zpoulton4q@acquirethisname.com|Female|Indonesia|Dukuhbadag|414-262-6720|$0.81|10.02.1998
172|Orella|Couves|ocouves4r@mysql.com|Female|Canada|Maskinongé|867-778-5525|$3.86|25.04.1987
173|Patricio|Bozward|pbozward4s@unesco.org|Male|Russia|Leninskoye|656-947-7047|$5.75|05.06.2011
174|Deanne|Furlonge|dfurlonge4t@mlb.com|Female|Mongolia|Höshigiyn-Ar|692-619-4737|$3.32|07.07.2004
175|Mathias|O'Cannavan|mocannavan4u@illinois.edu|Male|Brazil|Fernandópolis|930-622-3633|$5.62|12.03.2011
176|Anestassia|Foxall|afoxall4v@nature.com|Female|South Africa|Bloemhof|913-934-2979|$6.60|04.05.2002
177|Toddy|Stops|tstops4w@go.com|Male|Indonesia|Bajingmeduro|707-562-0135|$8.07|19.11.1987
178|Thorndike|Ingerith|tingerith4x@cornell.edu|Male|Sierra Leone|Zimmi|520-795-6322|$6.10|22.06.1984
179|Boniface|Mingauld|bmingauld4y@ucoz.com|Male|Ukraine|Kamennyye Potoki|250-753-2457|$5.36|06.01.2008
180|Adaline|Phifer|aphifer4z@ow.ly|Female|Macedonia|Kavadarci|235-556-8897|$3.21|15.11.2004
181|Morris|Stoad|mstoad50@senate.gov|Male|Portugal|Avanca|698-167-4043|$6.55|06.02.1999
182|Kaiser|Brennan|kbrennan51@walmart.com|Male|Armenia|Hats’avan|415-152-8333|$3.64|16.08.2004
183|Yettie|Bresner|ybresner52@mail.ru|Female|Czech Republic|Chyňava|127-554-4966|$0.20|15.02.2014
184|Lucius|Grisdale|lgrisdale53@devhub.com|Male|Indonesia|Jatirejo|319-345-3251|$0.53|03.02.1983
185|Dougy|Cruwys|dcruwys54@scientificamerican.com|Male|Eritrea|Asmara|236-986-6556|$1.59|10.11.2013
186|Lois|Sandever|lsandever55@freewebs.com|Female|Ethiopia|Butajīra|367-315-7374|$7.43|10.11.1991
187|Shelly|Folley|sfolley56@statcounter.com|Female|Japan|Tatebayashi|340-542-8787|$3.28|20.05.2004
188|Zedekiah|Slaight|zslaight57@mlb.com|Male|Philippines|Manoc-Manoc|509-304-2852|$6.58|20.02.1988
189|Dani|De Metz|ddemetz58@reddit.com|Male|Indonesia|Sukarame|623-429-3037|$1.74|17.08.2014
190|Ester|Cullrford|ecullrford59@hibu.com|Female|Poland|Jagiełła|782-936-5240|$4.14|27.07.1991
191|Ange|Gleader|agleader5a@desdev.cn|Male|Jordan|Mafraq|234-478-1562|$5.78|28.09.1981
192|Leonanie|Burnsides|lburnsides5b@wordpress.com|Female|China|Dongshi|828-924-2164|$9.52|29.03.1977
193|Hamil|O'Mullaney|homullaney5c@gmpg.org|Male|Indonesia|Kepuh|430-770-1294|$9.78|25.09.1982
194|Chelsea|Fermin|cfermin5d@indiegogo.com|Female|Portugal|Monte da Chaminé|704-857-4897|$8.44|15.06.1994
195|Nonah|Desouza|ndesouza5e@ucla.edu|Female|Poland|Iłowa|890-550-1568|$6.20|13.07.1989
196|Jessey|Estevez|jestevez5f@naver.com|Male|Poland|Miedzichowo|968-707-2457|$6.96|01.12.1975
197|Wini|Tisor|wtisor5g@meetup.com|Female|New Zealand|Waihi|440-968-9174|$9.65|21.10.1976
198|Christoffer|Jeves|cjeves5h@meetup.com|Male|Brazil|Schroeder|315-500-1060|$3.28|22.09.1982
199|Tatum|Duckett|tduckett5i@parallels.com|Female|Philippines|Longos|404-373-6203|$9.32|18.11.2008
200|Grace|Brandt|gbrandt5j@sciencedaily.com|Male|Iran|Sanandaj|308-998-8158|$0.99|31.01.2004
201|Tristam|Kalkhoven|tkalkhoven5k@paginegialle.it|Male|Portugal|Murça|842-825-7414|$4.23|16.04.2009
202|Durant|Rutty|drutty5l@state.gov|Male|Greece|Lidoríki|882-533-0665|$1.00|09.10.2006
203|Jenelle|Boulstridge|jboulstridge5m@about.me|Female|Brazil|Botucatu|836-177-9366|$9.07|27.01.2015
204|Humphrey|Cawthron|hcawthron5n@t-online.de|Male|Comoros|Mohoro|662-945-8184|$1.38|11.10.1992
205|Aksel|Madeley|amadeley5o@cargocollective.com|Male|Guatemala|San Lucas Sacatepéquez|102-270-8050|$1.62|23.03.1992
206|Sallee|Dowdam|sdowdam5p@parallels.com|Female|Greece|Vília|403-667-9571|$5.45|01.12.2000
207|Marielle|Jikylls|mjikylls5q@yandex.ru|Female|Peru|Vilque|553-285-7312|$9.08|17.08.2013
208|Colan|Cookman|ccookman5r@huffingtonpost.com|Male|Benin|Tchaourou|279-976-9295|$8.83|19.04.1989
209|Bax|Larder|blarder5s@bluehost.com|Male|Estonia|Sillamäe|662-284-6553|$0.44|27.08.1990
210|Ella|Andreasson|eandreasson5t@time.com|Female|Japan|Inawashiro|592-417-8901|$7.92|07.04.2000
211|Horacio|Coule|hcoule5u@dedecms.com|Male|Sweden|Borås|251-135-0280|$5.60|01.02.1987
212|Prisca|Woodworth|pwoodworth5v@linkedin.com|Female|Sweden|Vilhelmina|323-362-0633|$4.40|11.02.2007
213|Dorree|Grandham|dgrandham5w@cyberchimps.com|Female|Kiribati|Betio Village|803-988-4773|$1.72|28.03.1982
214|Gussy|Scraggs|gscraggs5x@usda.gov|Female|Bahamas|Andros Town|632-424-0790|$8.52|16.07.1976
215|Regine|Brownsmith|rbrownsmith5y@com.com|Female|Poland|Maciejowice|476-612-3940|$2.42|09.02.2003
216|Faunie|Newey|fnewey5z@people.com.cn|Female|Philippines|Saguiaran|823-169-6725|$0.18|07.07.2011
217|Giuditta|Holah|gholah60@yelp.com|Female|China|Meizhou|556-121-0160|$9.89|02.12.2004
218|Ardelle|Lepere|alepere61@fastcompany.com|Female|Jamaica|Ocho Rios|236-168-9864|$6.84|10.04.2017
219|Clarey|Puig|cpuig62@cnbc.com|Female|Philippines|Balangiga|174-853-8806|$5.15|23.10.1985
220|Wren|Branca|wbranca63@discovery.com|Female|China|Liulin|853-187-1593|$6.80|24.02.2001
221|Ricca|Seller|rseller64@admin.ch|Female|Colombia|Potosí|950-545-6039|$7.01|31.12.2010
222|Hector|Garrand|hgarrand65@shop-pro.jp|Male|Czech Republic|Poříčany|326-932-9875|$8.99|13.12.1984
223|Shauna|Ebenezer|sebenezer66@de.vu|Female|Russia|Kamenka|510-845-7805|$0.38|20.11.2016
224|Ethelin|Crutchfield|ecrutchfield67@hatena.ne.jp|Female|Japan|Urayasu|644-712-4039|$2.83|19.12.2012
225|Raquela|Harden|rharden68@nymag.com|Female|United States|El Paso|915-406-1841|$0.77|27.09.1991
226|Angelo|Totterdell|atotterdell69@moonfruit.com|Male|United States|Beaumont|936-530-5377|$0.15|03.10.1978
227|Carny|Rewcastle|crewcastle6a@jiathis.com|Male|Indonesia|Banjarejo|738-553-8804|$0.52|10.12.1983
228|Wes|Beamiss|wbeamiss6b@statcounter.com|Male|French Polynesia|Otutara|266-914-1699|$4.17|19.01.2002
229|Murdoch|Pitway|mpitway6c@gov.uk|Male|Philippines|Imus|223-440-2466|$0.19|24.01.1977
230|Dew|Ketley|dketley6d@sakura.ne.jp|Male|China|Daoxu|947-561-0177|$0.03|22.12.1988
231|Peri|Questier|pquestier6e@ocn.ne.jp|Female|China|Jinjiang|120-178-5630|$2.97|24.12.2017
232|Yevette|Hintzer|yhintzer6f@nbcnews.com|Female|Thailand|Uthai|593-601-2705|$7.27|17.10.1994
233|Cristi|Girardetti|cgirardetti6g@blogs.com|Female|Indonesia|Waihibar|210-955-8049|$0.26|24.05.1982
234|Tamarra|Story|tstory6h@histats.com|Female|Indonesia|Megulung|175-178-4426|$6.31|16.09.1978
235|Yoko|Bampfield|ybampfield6i@cnn.com|Female|Mongolia|Hovd|740-416-4470|$6.06|20.01.2010
236|Janette|Delves|jdelves6j@house.gov|Female|China|Zhangxi|591-131-5253|$5.60|09.08.1987
237|Ryley|Lepper|rlepper6k@simplemachines.org|Male|Russia|Mendeleyevo|572-712-0855|$5.26|24.07.1997
238|Lauryn|Jory|ljory6l@techcrunch.com|Female|Croatia|Slunj|423-455-0920|$8.68|18.12.1982
239|Stearne|Cayette|scayette6m@nbcnews.com|Male|Indonesia|Meukek|793-184-4619|$5.01|03.12.1989
240|Jandy|Dewer|jdewer6n@cnn.com|Female|Indonesia|South Tangerang|321-982-7257|$7.88|29.05.2016
241|Steffen|Hancock|shancock6o@archive.org|Male|Mayotte|Koungou|449-499-3027|$7.42|15.10.1977
242|Amberly|Pellitt|apellitt6p@hao123.com|Female|China|Bor Ondor|896-610-4170|$0.29|29.11.1996
243|Baxter|Bedder|bbedder6q@earthlink.net|Male|Malaysia|Pulau Pinang|180-953-4987|$9.51|09.03.2000
244|Yul|Huson|yhuson6r@biblegateway.com|Male|New Zealand|Moerewa|982-504-1901|$6.86|30.01.2016
245|Silvanus|Biggs|sbiggs6s@youtu.be|Male|United States|Columbia|573-298-0108|$7.51|03.06.2005
246|Cordy|Rozec|crozec6t@altervista.org|Female|Tajikistan|Ayní|940-805-1529|$3.68|18.06.2000
247|Walton|Tinwell|wtinwell6u@opera.com|Male|Sweden|Hallsberg|422-763-3674|$3.77|24.06.2019
248|Rafaellle|Pressnell|rpressnell6v@stumbleupon.com|Male|Cuba|Camajuaní|707-311-9699|$2.51|06.09.2016
249|Keefe|Travers|ktravers6w@tripadvisor.com|Male|Czech Republic|Mikulčice|195-690-9656|$3.81|26.01.2019
250|Carter|Ivachyov|civachyov6x@loc.gov|Male|Macedonia|Gradec|270-285-5449|$2.72|23.09.2014
